,Total Demand,Change in Demand,Price Surge,Minimum Temperature (Â°C),Maximum Temperature (Â°C),Rainfall (mm),Sunshine (hours),Speed of Maximum Wind Gust (km/h),9am Temperature (Â°C),9am Relative Humidity (%),9am Cloud Amount (oktas),9am Wind Speed (km/h),3pm Temperature (Â°C),3pm Relative Humidity (%),3pm Cloud Amount (oktas),3pm Wind Speed (km/h)
Total Demand,1.0,0.1621028160910342,0.02493402747566886,0.21711059111438538,0.14206517416102188,0.02913622127861186,0.04704115729169303,0.015201749134874322,0.15711552788165467,0.040090706565376624,0.10321060683905178,0.015857013373969175,0.1432497709315328,0.07757605498311554,0.06357285833930627,0.007641738085215072
Change in Demand,0.1621028160910342,1.0,0.011770811809190745,0.0973424282536047,0.060243910440778016,0.004401862176552862,0.009928089011469632,0.011004604358331489,0.062030405331301934,0.024764724894953682,0.05209199369663344,0.009231805785590685,0.059805407189650724,0.028492593230106104,0.03278203645987095,0.009050788809725896
Price Surge,0.02493402747566886,0.011770811809190745,1.0,0.018912512009364398,0.042465856240043016,0.012386002538262218,0.006184558699392179,0.012513458651357612,0.04297806386139009,0.007668650600843058,0.0020285981496990808,0.003903329581980636,0.03103643359709387,0.01074943908266073,0.0023661823836094932,0.0039301683455767915
Minimum Temperature (Â°C),0.21711059111438538,0.0973424282536047,0.018912512009364398,1.0,0.285667022018934,0.07663205579105008,0.028138393735748838,0.051483894221348685,0.41872503763463403,0.023056777861392104,0.13422701700651066,0.0014114725857010575,0.1938185791203396,0.09476162748586846,0.07181218823531571,0.057595866427733886
Maximum Temperature (Â°C),0.14206517416102188,0.060243910440778016,0.042465856240043016,0.285667022018934,1.0,0.007134163016199976,0.03912110022206679,0.019173882006810302,0.445202305441971,0.03325187704878224,0.0482922999465966,0.010531974624440586,0.5233044081155535,0.03402207209127653,0.02456802265743988,0.05774862918925066
Rainfall (mm),0.02913622127861186,0.004401862176552862,0.012386002538262218,0.07663205579105008,0.007134163016199976,1.0,0.07288871260643477,0.017106971926017022,0.02081212664831943,0.12259303433053799,0.10037551234575384,0.0026182005320840827,0.0011036698463467408,0.07917267262552317,0.06033108403852206,0.009754559600956478
Sunshine (hours),0.04704115729169303,0.009928089011469632,0.006184558699392179,0.028138393735748838,0.03912110022206679,0.07288871260643477,1.0,0.0069692819731471565,0.0318204435838044,0.1394892039996811,0.300286635305104,0.005936935727043505,0.04744408578711343,0.20174567208518576,0.2355774839563393,0.012378592619628403
Speed of Maximum Wind Gust (km/h),0.015201749134874322,0.011004604358331489,0.012513458651357612,0.051483894221348685,0.019173882006810302,0.017106971926017022,0.0069692819731471565,1.0,0.04264759233814011,0.013803413274452954,0.024086819752873707,0.05720467451254263,0.008115398034587927,0.010591725780535933,0.007243860081246795,0.16130548207714837
9am Temperature (Â°C),0.15711552788165467,0.062030405331301934,0.04297806386139009,0.41872503763463403,0.445202305441971,0.02081212664831943,0.0318204435838044,0.04264759233814011,1.0,0.03718232326142729,0.08232466875085967,0.0026168049599054484,0.3234861094511961,0.037417269008670484,0.0343007012216309,0.09066635707191201
9am Relative Humidity (%),0.040090706565376624,0.024764724894953682,0.007668650600843058,0.023056777861392104,0.03325187704878224,0.12259303433053799,0.1394892039996811,0.013803413274452954,0.03718232326142729,1.0,0.088849996082447,0.054783948712711444,0.02042962568007196,0.16206115238143257,0.034396456067948666,0.03329702017128836
9am Cloud Amount (oktas),0.10321060683905178,0.05209199369663344,0.0020285981496990808,0.13422701700651066,0.0482922999465966,0.10037551234575384,0.300286635305104,0.024086819752873707,0.08232466875085967,0.088849996082447,1.0,0.014391875168681267,0.03384302086185311,0.16776009680081072,0.1581316988457708,0.015415247850434582
9am Wind Speed (km/h),0.015857013373969175,0.009231805785590685,0.003903329581980636,0.0014114725857010575,0.010531974624440586,0.0026182005320840827,0.005936935727043505,0.05720467451254263,0.0026168049599054484,0.054783948712711444,0.014391875168681267,1.0,0.011060282376696548,0.016593643178908296,0.011448892456659223,0.023526895427107335
3pm Temperature (Â°C),0.1432497709315328,0.059805407189650724,0.03103643359709387,0.1938185791203396,0.5233044081155535,0.0011036698463467408,0.04744408578711343,0.008115398034587927,0.32348610945119616,0.02042962568007196,0.03384302086185311,0.011060282376696548,1.0,0.017283113791201832,0.022210640911547525,0.045089591630988454
3pm Relative Humidity (%),0.07757605498311554,0.028492593230106104,0.01074943908266073,0.09476162748586846,0.03402207209127653,0.07917267262552317,0.20174567208518576,0.010591725780535933,0.037417269008670484,0.16206115238143257,0.16776009680081072,0.016593643178908296,0.017283113791201832,1.0,0.1560534387711471,0.02799856518253959
3pm Cloud Amount (oktas),0.06357285833930627,0.03278203645987095,0.0023661823836094932,0.07181218823531571,0.02456802265743988,0.06033108403852206,0.23557748395633935,0.007243860081246795,0.0343007012216309,0.034396456067948666,0.1581316988457708,0.011448892456659223,0.022210640911547525,0.1560534387711471,1.0,0.009219506301487898
3pm Wind Speed (km/h),0.007641738085215072,0.009050788809725896,0.0039301683455767915,0.057595866427733886,0.05774862918925066,0.009754559600956478,0.012378592619628403,0.16130548207714837,0.09066635707191201,0.03329702017128836,0.015415247850434582,0.023526895427107335,0.045089591630988454,0.02799856518253959,0.009219506301487898,1.0
